concept,x1,x2,x3,x4
false,1,1,1,1
false,1,1,1,2
false,1,1,1,3
false,1,1,1,4
false,1,1,1,5
false,1,1,1,6
false,1,1,1,7
false,1,1,1,8
false,1,1,2,1
false,1,1,2,2
false,1,1,2,3
false,1,1,2,4
false,1,1,2,5
false,1,1,2,6
false,1,1,2,7
false,1,1,2,8
false,1,1,3,1
false,1,1,3,2
false,1,1,3,3
false,1,1,3,4
false,1,1,3,5
false,1,1,3,6
false,1,1,3,7
false,1,1,3,8
false,1,1,4,1
false,1,1,4,2
false,1,1,4,3
false,1,1,4,4
false,1,1,4,5
false,1,1,4,6
false,1,1,4,7
false,1,1,4,8
false,1,1,5,1
false,1,1,5,2
false,1,1,5,3
false,1,1,5,4
false,1,1,5,5
false,1,1,5,6
false,1,1,5,7
false,1,1,5,8
false,1,1,6,1
false,1,1,6,2
false,1,1,6,3
false,1,1,6,4
false,1,1,6,5
false,1,1,6,6
false,1,1,6,7
false,1,1,6,8
false,1,1,7,1
false,1,1,7,2
false,1,1,7,3
false,1,1,7,4
false,1,1,7,5
false,1,1,7,6
false,1,1,7,7
false,1,1,7,8
false,1,1,8,1
false,1,1,8,2
false,1,1,8,3
false,1,1,8,4
false,1,1,8,5
false,1,1,8,6
false,1,1,8,7
false,1,1,8,8
false,1,2,1,1
false,1,2,1,2
false,1,2,1,3
false,1,2,1,4
false,1,2,1,5
false,1,2,1,6
false,1,2,1,7
false,1,2,1,8
false,1,2,2,1
false,1,2,2,2
false,1,2,2,3
false,1,2,2,4
false,1,2,2,5
false,1,2,2,6
false,1,2,2,7
false,1,2,2,8
false,1,2,3,1
false,1,2,3,2
false,1,2,3,3
false,1,2,3,4
false,1,2,3,5
false,1,2,3,6
false,1,2,3,7
false,1,2,3,8
false,1,2,4,1
false,1,2,4,2
false,1,2,4,3
false,1,2,4,4
false,1,2,4,5
false,1,2,4,6
false,1,2,4,7
false,1,2,4,8
false,1,2,5,1
false,1,2,5,2
false,1,2,5,3
false,1,2,5,4
false,1,2,5,5
false,1,2,5,6
false,1,2,5,7
false,1,2,5,8
false,1,2,6,1
false,1,2,6,2
false,1,2,6,3
false,1,2,6,4
false,1,2,6,5
false,1,2,6,6
false,1,2,6,7
false,1,2,6,8
false,1,2,7,1
false,1,2,7,2
false,1,2,7,3
false,1,2,7,4
false,1,2,7,5
false,1,2,7,6
false,1,2,7,7
false,1,2,7,8
false,1,2,8,1
false,1,2,8,2
false,1,2,8,3
false,1,2,8,4
false,1,2,8,5
false,1,2,8,6
false,1,2,8,7
false,1,2,8,8
false,1,3,1,1
false,1,3,1,2
false,1,3,1,3
false,1,3,1,4
false,1,3,1,5
false,1,3,1,6
false,1,3,1,7
false,1,3,1,8
false,1,3,2,1
false,1,3,2,2
false,1,3,2,3
false,1,3,2,4
false,1,3,2,5
false,1,3,2,6
false,1,3,2,7
false,1,3,2,8
false,1,3,3,1
false,1,3,3,2
false,1,3,3,3
false,1,3,3,4
false,1,3,3,5
false,1,3,3,6
false,1,3,3,7
false,1,3,3,8
false,1,3,4,1
false,1,3,4,2
false,1,3,4,3
false,1,3,4,4
false,1,3,4,5
false,1,3,4,6
false,1,3,4,7
false,1,3,4,8
false,1,3,5,1
false,1,3,5,2
false,1,3,5,3
false,1,3,5,4
false,1,3,5,5
false,1,3,5,6
true,1,3,5,7
true,1,3,5,8
false,1,3,6,1
false,1,3,6,2
false,1,3,6,3
false,1,3,6,4
false,1,3,6,5
false,1,3,6,6
false,1,3,6,7
true,1,3,6,8
false,1,3,7,1
false,1,3,7,2
false,1,3,7,3
false,1,3,7,4
true,1,3,7,5
false,1,3,7,6
false,1,3,7,7
false,1,3,7,8
false,1,3,8,1
false,1,3,8,2
false,1,3,8,3
false,1,3,8,4
true,1,3,8,5
true,1,3,8,6
false,1,3,8,7
false,1,3,8,8
false,1,4,1,1
false,1,4,1,2
false,1,4,1,3
false,1,4,1,4
false,1,4,1,5
false,1,4,1,6
false,1,4,1,7
false,1,4,1,8
false,1,4,2,1
false,1,4,2,2
false,1,4,2,3
false,1,4,2,4
false,1,4,2,5
false,1,4,2,6
false,1,4,2,7
false,1,4,2,8
false,1,4,3,1
false,1,4,3,2
false,1,4,3,3
false,1,4,3,4
false,1,4,3,5
false,1,4,3,6
false,1,4,3,7
false,1,4,3,8
false,1,4,4,1
false,1,4,4,2
false,1,4,4,3
false,1,4,4,4
false,1,4,4,5
false,1,4,4,6
false,1,4,4,7
false,1,4,4,8
false,1,4,5,1
false,1,4,5,2
false,1,4,5,3
false,1,4,5,4
false,1,4,5,5
false,1,4,5,6
false,1,4,5,7
false,1,4,5,8
false,1,4,6,1
false,1,4,6,2
false,1,4,6,3
false,1,4,6,4
false,1,4,6,5
false,1,4,6,6
false,1,4,6,7
true,1,4,6,8
false,1,4,7,1
false,1,4,7,2
false,1,4,7,3
false,1,4,7,4
false,1,4,7,5
false,1,4,7,6
false,1,4,7,7
false,1,4,7,8
false,1,4,8,1
false,1,4,8,2
false,1,4,8,3
false,1,4,8,4
false,1,4,8,5
true,1,4,8,6
false,1,4,8,7
false,1,4,8,8
false,1,5,1,1
false,1,5,1,2
false,1,5,1,3
false,1,5,1,4
false,1,5,1,5
false,1,5,1,6
false,1,5,1,7
false,1,5,1,8
false,1,5,2,1
false,1,5,2,2
false,1,5,2,3
false,1,5,2,4
false,1,5,2,5
false,1,5,2,6
false,1,5,2,7
false,1,5,2,8
false,1,5,3,1
false,1,5,3,2
false,1,5,3,3
false,1,5,3,4
false,1,5,3,5
false,1,5,3,6
true,1,5,3,7
true,1,5,3,8
false,1,5,4,1
false,1,5,4,2
false,1,5,4,3
false,1,5,4,4
false,1,5,4,5
false,1,5,4,6
false,1,5,4,7
false,1,5,4,8
false,1,5,5,1
false,1,5,5,2
false,1,5,5,3
false,1,5,5,4
false,1,5,5,5
false,1,5,5,6
false,1,5,5,7
false,1,5,5,8
false,1,5,6,1
false,1,5,6,2
false,1,5,6,3
false,1,5,6,4
false,1,5,6,5
false,1,5,6,6
false,1,5,6,7
false,1,5,6,8
false,1,5,7,1
false,1,5,7,2
true,1,5,7,3
false,1,5,7,4
false,1,5,7,5
false,1,5,7,6
false,1,5,7,7
false,1,5,7,8
false,1,5,8,1
false,1,5,8,2
true,1,5,8,3
false,1,5,8,4
false,1,5,8,5
false,1,5,8,6
false,1,5,8,7
false,1,5,8,8
false,1,6,1,1
false,1,6,1,2
false,1,6,1,3
false,1,6,1,4
false,1,6,1,5
false,1,6,1,6
false,1,6,1,7
false,1,6,1,8
false,1,6,2,1
false,1,6,2,2
false,1,6,2,3
false,1,6,2,4
false,1,6,2,5
false,1,6,2,6
false,1,6,2,7
false,1,6,2,8
false,1,6,3,1
false,1,6,3,2
false,1,6,3,3
false,1,6,3,4
false,1,6,3,5
false,1,6,3,6
false,1,6,3,7
true,1,6,3,8
false,1,6,4,1
false,1,6,4,2
false,1,6,4,3
false,1,6,4,4
false,1,6,4,5
false,1,6,4,6
false,1,6,4,7
true,1,6,4,8
false,1,6,5,1
false,1,6,5,2
false,1,6,5,3
false,1,6,5,4
false,1,6,5,5
false,1,6,5,6
false,1,6,5,7
false,1,6,5,8
false,1,6,6,1
false,1,6,6,2
false,1,6,6,3
false,1,6,6,4
false,1,6,6,5
false,1,6,6,6
false,1,6,6,7
false,1,6,6,8
false,1,6,7,1
false,1,6,7,2
false,1,6,7,3
false,1,6,7,4
false,1,6,7,5
false,1,6,7,6
false,1,6,7,7
false,1,6,7,8
false,1,6,8,1
false,1,6,8,2
true,1,6,8,3
true,1,6,8,4
false,1,6,8,5
false,1,6,8,6
false,1,6,8,7
false,1,6,8,8
false,1,7,1,1
false,1,7,1,2
false,1,7,1,3
false,1,7,1,4
false,1,7,1,5
false,1,7,1,6
false,1,7,1,7
false,1,7,1,8
false,1,7,2,1
false,1,7,2,2
false,1,7,2,3
false,1,7,2,4
false,1,7,2,5
false,1,7,2,6
false,1,7,2,7
false,1,7,2,8
false,1,7,3,1
false,1,7,3,2
false,1,7,3,3
false,1,7,3,4
true,1,7,3,5
false,1,7,3,6
false,1,7,3,7
false,1,7,3,8
false,1,7,4,1
false,1,7,4,2
false,1,7,4,3
false,1,7,4,4
false,1,7,4,5
false,1,7,4,6
false,1,7,4,7
false,1,7,4,8
false,1,7,5,1
false,1,7,5,2
true,1,7,5,3
false,1,7,5,4
false,1,7,5,5
false,1,7,5,6
false,1,7,5,7
false,1,7,5,8
false,1,7,6,1
false,1,7,6,2
false,1,7,6,3
false,1,7,6,4
false,1,7,6,5
false,1,7,6,6
false,1,7,6,7
false,1,7,6,8
false,1,7,7,1
false,1,7,7,2
false,1,7,7,3
false,1,7,7,4
false,1,7,7,5
false,1,7,7,6
false,1,7,7,7
false,1,7,7,8
false,1,7,8,1
false,1,7,8,2
false,1,7,8,3
false,1,7,8,4
false,1,7,8,5
false,1,7,8,6
false,1,7,8,7
false,1,7,8,8
false,1,8,1,1
false,1,8,1,2
false,1,8,1,3
false,1,8,1,4
false,1,8,1,5
false,1,8,1,6
false,1,8,1,7
false,1,8,1,8
false,1,8,2,1
false,1,8,2,2
false,1,8,2,3
false,1,8,2,4
false,1,8,2,5
false,1,8,2,6
false,1,8,2,7
false,1,8,2,8
false,1,8,3,1
false,1,8,3,2
false,1,8,3,3
false,1,8,3,4
true,1,8,3,5
true,1,8,3,6
false,1,8,3,7
false,1,8,3,8
false,1,8,4,1
false,1,8,4,2
false,1,8,4,3
false,1,8,4,4
false,1,8,4,5
true,1,8,4,6
false,1,8,4,7
false,1,8,4,8
false,1,8,5,1
false,1,8,5,2
true,1,8,5,3
false,1,8,5,4
false,1,8,5,5
false,1,8,5,6
false,1,8,5,7
false,1,8,5,8
false,1,8,6,1
false,1,8,6,2
true,1,8,6,3
true,1,8,6,4
false,1,8,6,5
false,1,8,6,6
false,1,8,6,7
false,1,8,6,8
false,1,8,7,1
false,1,8,7,2
false,1,8,7,3
false,1,8,7,4
false,1,8,7,5
false,1,8,7,6
false,1,8,7,7
false,1,8,7,8
false,1,8,8,1
false,1,8,8,2
false,1,8,8,3
false,1,8,8,4
false,1,8,8,5
false,1,8,8,6
false,1,8,8,7
false,1,8,8,8
false,2,1,1,1
false,2,1,1,2
false,2,1,1,3
false,2,1,1,4
false,2,1,1,5
false,2,1,1,6
false,2,1,1,7
false,2,1,1,8
false,2,1,2,1
false,2,1,2,2
false,2,1,2,3
false,2,1,2,4
false,2,1,2,5
false,2,1,2,6
false,2,1,2,7
false,2,1,2,8
false,2,1,3,1
false,2,1,3,2
false,2,1,3,3
false,2,1,3,4
false,2,1,3,5
false,2,1,3,6
false,2,1,3,7
false,2,1,3,8
false,2,1,4,1
false,2,1,4,2
false,2,1,4,3
false,2,1,4,4
false,2,1,4,5
false,2,1,4,6
false,2,1,4,7
false,2,1,4,8
false,2,1,5,1
false,2,1,5,2
false,2,1,5,3
false,2,1,5,4
false,2,1,5,5
false,2,1,5,6
false,2,1,5,7
false,2,1,5,8
false,2,1,6,1
false,2,1,6,2
false,2,1,6,3
false,2,1,6,4
false,2,1,6,5
false,2,1,6,6
false,2,1,6,7
false,2,1,6,8
false,2,1,7,1
false,2,1,7,2
false,2,1,7,3
false,2,1,7,4
false,2,1,7,5
false,2,1,7,6
false,2,1,7,7
false,2,1,7,8
false,2,1,8,1
false,2,1,8,2
false,2,1,8,3
false,2,1,8,4
false,2,1,8,5
false,2,1,8,6
false,2,1,8,7
false,2,1,8,8
false,2,2,1,1
false,2,2,1,2
false,2,2,1,3
false,2,2,1,4
false,2,2,1,5
false,2,2,1,6
false,2,2,1,7
false,2,2,1,8
false,2,2,2,1
false,2,2,2,2
false,2,2,2,3
false,2,2,2,4
false,2,2,2,5
false,2,2,2,6
false,2,2,2,7
false,2,2,2,8
false,2,2,3,1
false,2,2,3,2
false,2,2,3,3
false,2,2,3,4
false,2,2,3,5
false,2,2,3,6
false,2,2,3,7
false,2,2,3,8
false,2,2,4,1
false,2,2,4,2
false,2,2,4,3
false,2,2,4,4
false,2,2,4,5
false,2,2,4,6
false,2,2,4,7
false,2,2,4,8
false,2,2,5,1
false,2,2,5,2
false,2,2,5,3
false,2,2,5,4
false,2,2,5,5
false,2,2,5,6
false,2,2,5,7
false,2,2,5,8
false,2,2,6,1
false,2,2,6,2
false,2,2,6,3
false,2,2,6,4
false,2,2,6,5
false,2,2,6,6
false,2,2,6,7
false,2,2,6,8
false,2,2,7,1
false,2,2,7,2
false,2,2,7,3
false,2,2,7,4
false,2,2,7,5
false,2,2,7,6
false,2,2,7,7
false,2,2,7,8
false,2,2,8,1
false,2,2,8,2
false,2,2,8,3
false,2,2,8,4
false,2,2,8,5
false,2,2,8,6
false,2,2,8,7
false,2,2,8,8
false,2,3,1,1
false,2,3,1,2
false,2,3,1,3
false,2,3,1,4
false,2,3,1,5
false,2,3,1,6
false,2,3,1,7
false,2,3,1,8
false,2,3,2,1
false,2,3,2,2
false,2,3,2,3
false,2,3,2,4
false,2,3,2,5
false,2,3,2,6
false,2,3,2,7
false,2,3,2,8
false,2,3,3,1
false,2,3,3,2
false,2,3,3,3
false,2,3,3,4
false,2,3,3,5
false,2,3,3,6
false,2,3,3,7
false,2,3,3,8
false,2,3,4,1
false,2,3,4,2
false,2,3,4,3
false,2,3,4,4
false,2,3,4,5
false,2,3,4,6
false,2,3,4,7
false,2,3,4,8
false,2,3,5,1
false,2,3,5,2
false,2,3,5,3
false,2,3,5,4
false,2,3,5,5
false,2,3,5,6
false,2,3,5,7
false,2,3,5,8
false,2,3,6,1
false,2,3,6,2
false,2,3,6,3
false,2,3,6,4
false,2,3,6,5
false,2,3,6,6
false,2,3,6,7
false,2,3,6,8
false,2,3,7,1
false,2,3,7,2
false,2,3,7,3
false,2,3,7,4
false,2,3,7,5
false,2,3,7,6
false,2,3,7,7
false,2,3,7,8
false,2,3,8,1
false,2,3,8,2
false,2,3,8,3
false,2,3,8,4
false,2,3,8,5
false,2,3,8,6
false,2,3,8,7
false,2,3,8,8
false,2,4,1,1
false,2,4,1,2
false,2,4,1,3
false,2,4,1,4
false,2,4,1,5
false,2,4,1,6
false,2,4,1,7
false,2,4,1,8
false,2,4,2,1
false,2,4,2,2
false,2,4,2,3
false,2,4,2,4
false,2,4,2,5
false,2,4,2,6
false,2,4,2,7
false,2,4,2,8
false,2,4,3,1
false,2,4,3,2
false,2,4,3,3
false,2,4,3,4
false,2,4,3,5
false,2,4,3,6
false,2,4,3,7
false,2,4,3,8
false,2,4,4,1
false,2,4,4,2
false,2,4,4,3
false,2,4,4,4
false,2,4,4,5
false,2,4,4,6
false,2,4,4,7
false,2,4,4,8
false,2,4,5,1
false,2,4,5,2
false,2,4,5,3
false,2,4,5,4
false,2,4,5,5
false,2,4,5,6
false,2,4,5,7
false,2,4,5,8
false,2,4,6,1
false,2,4,6,2
false,2,4,6,3
false,2,4,6,4
false,2,4,6,5
false,2,4,6,6
false,2,4,6,7
true,2,4,6,8
false,2,4,7,1
false,2,4,7,2
false,2,4,7,3
false,2,4,7,4
false,2,4,7,5
false,2,4,7,6
false,2,4,7,7
false,2,4,7,8
false,2,4,8,1
false,2,4,8,2
false,2,4,8,3
false,2,4,8,4
false,2,4,8,5
true,2,4,8,6
false,2,4,8,7
false,2,4,8,8
false,2,5,1,1
false,2,5,1,2
false,2,5,1,3
false,2,5,1,4
false,2,5,1,5
false,2,5,1,6
false,2,5,1,7
false,2,5,1,8
false,2,5,2,1
false,2,5,2,2
false,2,5,2,3
false,2,5,2,4
false,2,5,2,5
false,2,5,2,6
false,2,5,2,7
false,2,5,2,8
false,2,5,3,1
false,2,5,3,2
false,2,5,3,3
false,2,5,3,4
false,2,5,3,5
false,2,5,3,6
false,2,5,3,7
false,2,5,3,8
false,2,5,4,1
false,2,5,4,2
false,2,5,4,3
false,2,5,4,4
false,2,5,4,5
false,2,5,4,6
false,2,5,4,7
false,2,5,4,8
false,2,5,5,1
false,2,5,5,2
false,2,5,5,3
false,2,5,5,4
false,2,5,5,5
false,2,5,5,6
false,2,5,5,7
false,2,5,5,8
false,2,5,6,1
false,2,5,6,2
false,2,5,6,3
false,2,5,6,4
false,2,5,6,5
false,2,5,6,6
false,2,5,6,7
false,2,5,6,8
false,2,5,7,1
false,2,5,7,2
false,2,5,7,3
false,2,5,7,4
false,2,5,7,5
false,2,5,7,6
false,2,5,7,7
false,2,5,7,8
false,2,5,8,1
false,2,5,8,2
false,2,5,8,3
false,2,5,8,4
false,2,5,8,5
false,2,5,8,6
false,2,5,8,7
false,2,5,8,8
false,2,6,1,1
false,2,6,1,2
false,2,6,1,3
false,2,6,1,4
false,2,6,1,5
false,2,6,1,6
false,2,6,1,7
false,2,6,1,8
false,2,6,2,1
false,2,6,2,2
false,2,6,2,3
false,2,6,2,4
false,2,6,2,5
false,2,6,2,6
false,2,6,2,7
false,2,6,2,8
false,2,6,3,1
false,2,6,3,2
false,2,6,3,3
false,2,6,3,4
false,2,6,3,5
false,2,6,3,6
false,2,6,3,7
false,2,6,3,8
false,2,6,4,1
false,2,6,4,2
false,2,6,4,3
false,2,6,4,4
false,2,6,4,5
false,2,6,4,6
false,2,6,4,7
true,2,6,4,8
false,2,6,5,1
false,2,6,5,2
false,2,6,5,3
false,2,6,5,4
false,2,6,5,5
false,2,6,5,6
false,2,6,5,7
false,2,6,5,8
false,2,6,6,1
false,2,6,6,2
false,2,6,6,3
false,2,6,6,4
false,2,6,6,5
false,2,6,6,6
false,2,6,6,7
false,2,6,6,8
false,2,6,7,1
false,2,6,7,2
false,2,6,7,3
false,2,6,7,4
false,2,6,7,5
false,2,6,7,6
false,2,6,7,7
false,2,6,7,8
false,2,6,8,1
false,2,6,8,2
false,2,6,8,3
true,2,6,8,4
false,2,6,8,5
false,2,6,8,6
false,2,6,8,7
false,2,6,8,8
false,2,7,1,1
false,2,7,1,2
false,2,7,1,3
false,2,7,1,4
false,2,7,1,5
false,2,7,1,6
false,2,7,1,7
false,2,7,1,8
false,2,7,2,1
false,2,7,2,2
false,2,7,2,3
false,2,7,2,4
false,2,7,2,5
false,2,7,2,6
false,2,7,2,7
false,2,7,2,8
false,2,7,3,1
false,2,7,3,2
false,2,7,3,3
false,2,7,3,4
false,2,7,3,5
false,2,7,3,6
false,2,7,3,7
false,2,7,3,8
false,2,7,4,1
false,2,7,4,2
false,2,7,4,3
false,2,7,4,4
false,2,7,4,5
false,2,7,4,6
false,2,7,4,7
false,2,7,4,8
false,2,7,5,1
false,2,7,5,2
false,2,7,5,3
false,2,7,5,4
false,2,7,5,5
false,2,7,5,6
false,2,7,5,7
false,2,7,5,8
false,2,7,6,1
false,2,7,6,2
false,2,7,6,3
false,2,7,6,4
false,2,7,6,5
false,2,7,6,6
false,2,7,6,7
false,2,7,6,8
false,2,7,7,1
false,2,7,7,2
false,2,7,7,3
false,2,7,7,4
false,2,7,7,5
false,2,7,7,6
false,2,7,7,7
false,2,7,7,8
false,2,7,8,1
false,2,7,8,2
false,2,7,8,3
false,2,7,8,4
false,2,7,8,5
false,2,7,8,6
false,2,7,8,7
false,2,7,8,8
false,2,8,1,1
false,2,8,1,2
false,2,8,1,3
false,2,8,1,4
false,2,8,1,5
false,2,8,1,6
false,2,8,1,7
false,2,8,1,8
false,2,8,2,1
false,2,8,2,2
false,2,8,2,3
false,2,8,2,4
false,2,8,2,5
false,2,8,2,6
false,2,8,2,7
false,2,8,2,8
false,2,8,3,1
false,2,8,3,2
false,2,8,3,3
false,2,8,3,4
false,2,8,3,5
false,2,8,3,6
false,2,8,3,7
false,2,8,3,8
false,2,8,4,1
false,2,8,4,2
false,2,8,4,3
false,2,8,4,4
false,2,8,4,5
true,2,8,4,6
false,2,8,4,7
false,2,8,4,8
false,2,8,5,1
false,2,8,5,2
false,2,8,5,3
false,2,8,5,4
false,2,8,5,5
false,2,8,5,6
false,2,8,5,7
false,2,8,5,8
false,2,8,6,1
false,2,8,6,2
false,2,8,6,3
true,2,8,6,4
false,2,8,6,5
false,2,8,6,6
false,2,8,6,7
false,2,8,6,8
false,2,8,7,1
false,2,8,7,2
false,2,8,7,3
false,2,8,7,4
false,2,8,7,5
false,2,8,7,6
false,2,8,7,7
false,2,8,7,8
false,2,8,8,1
false,2,8,8,2
false,2,8,8,3
false,2,8,8,4
false,2,8,8,5
false,2,8,8,6
false,2,8,8,7
false,2,8,8,8
false,3,1,1,1
false,3,1,1,2
false,3,1,1,3
false,3,1,1,4
false,3,1,1,5
false,3,1,1,6
false,3,1,1,7
false,3,1,1,8
false,3,1,2,1
false,3,1,2,2
false,3,1,2,3
false,3,1,2,4
false,3,1,2,5
false,3,1,2,6
false,3,1,2,7
false,3,1,2,8
false,3,1,3,1
false,3,1,3,2
false,3,1,3,3
false,3,1,3,4
false,3,1,3,5
false,3,1,3,6
false,3,1,3,7
false,3,1,3,8
false,3,1,4,1
false,3,1,4,2
false,3,1,4,3
false,3,1,4,4
false,3,1,4,5
false,3,1,4,6
false,3,1,4,7
false,3,1,4,8
false,3,1,5,1
false,3,1,5,2
false,3,1,5,3
false,3,1,5,4
false,3,1,5,5
false,3,1,5,6
true,3,1,5,7
true,3,1,5,8
false,3,1,6,1
false,3,1,6,2
false,3,1,6,3
false,3,1,6,4
false,3,1,6,5
false,3,1,6,6
false,3,1,6,7
true,3,1,6,8
false,3,1,7,1
false,3,1,7,2
false,3,1,7,3
false,3,1,7,4
true,3,1,7,5
false,3,1,7,6
false,3,1,7,7
false,3,1,7,8
false,3,1,8,1
false,3,1,8,2
false,3,1,8,3
false,3,1,8,4
true,3,1,8,5
true,3,1,8,6
false,3,1,8,7
false,3,1,8,8
false,3,2,1,1
false,3,2,1,2
false,3,2,1,3
false,3,2,1,4
false,3,2,1,5
false,3,2,1,6
false,3,2,1,7
false,3,2,1,8
false,3,2,2,1
false,3,2,2,2
false,3,2,2,3
false,3,2,2,4
false,3,2,2,5
false,3,2,2,6
false,3,2,2,7
false,3,2,2,8
false,3,2,3,1
false,3,2,3,2
false,3,2,3,3
false,3,2,3,4
false,3,2,3,5
false,3,2,3,6
false,3,2,3,7
false,3,2,3,8
false,3,2,4,1
false,3,2,4,2
false,3,2,4,3
false,3,2,4,4
false,3,2,4,5
false,3,2,4,6
false,3,2,4,7
false,3,2,4,8
false,3,2,5,1
false,3,2,5,2
false,3,2,5,3
false,3,2,5,4
false,3,2,5,5
false,3,2,5,6
false,3,2,5,7
false,3,2,5,8
false,3,2,6,1
false,3,2,6,2
false,3,2,6,3
false,3,2,6,4
false,3,2,6,5
false,3,2,6,6
false,3,2,6,7
false,3,2,6,8
false,3,2,7,1
false,3,2,7,2
false,3,2,7,3
false,3,2,7,4
false,3,2,7,5
false,3,2,7,6
false,3,2,7,7
false,3,2,7,8
false,3,2,8,1
false,3,2,8,2
false,3,2,8,3
false,3,2,8,4
false,3,2,8,5
false,3,2,8,6
false,3,2,8,7
false,3,2,8,8
false,3,3,1,1
false,3,3,1,2
false,3,3,1,3
false,3,3,1,4
false,3,3,1,5
false,3,3,1,6
false,3,3,1,7
false,3,3,1,8
false,3,3,2,1
false,3,3,2,2
false,3,3,2,3
false,3,3,2,4
false,3,3,2,5
false,3,3,2,6
false,3,3,2,7
false,3,3,2,8
false,3,3,3,1
false,3,3,3,2
false,3,3,3,3
false,3,3,3,4
false,3,3,3,5
false,3,3,3,6
false,3,3,3,7
false,3,3,3,8
false,3,3,4,1
false,3,3,4,2
false,3,3,4,3
false,3,3,4,4
false,3,3,4,5
false,3,3,4,6
false,3,3,4,7
false,3,3,4,8
false,3,3,5,1
false,3,3,5,2
false,3,3,5,3
false,3,3,5,4
false,3,3,5,5
false,3,3,5,6
false,3,3,5,7
false,3,3,5,8
false,3,3,6,1
false,3,3,6,2
false,3,3,6,3
false,3,3,6,4
false,3,3,6,5
false,3,3,6,6
false,3,3,6,7
false,3,3,6,8
false,3,3,7,1
false,3,3,7,2
false,3,3,7,3
false,3,3,7,4
false,3,3,7,5
false,3,3,7,6
false,3,3,7,7
false,3,3,7,8
false,3,3,8,1
false,3,3,8,2
false,3,3,8,3
false,3,3,8,4
false,3,3,8,5
false,3,3,8,6
false,3,3,8,7
false,3,3,8,8
false,3,4,1,1
false,3,4,1,2
false,3,4,1,3
false,3,4,1,4
false,3,4,1,5
false,3,4,1,6
false,3,4,1,7
false,3,4,1,8
false,3,4,2,1
false,3,4,2,2
false,3,4,2,3
false,3,4,2,4
false,3,4,2,5
false,3,4,2,6
false,3,4,2,7
false,3,4,2,8
false,3,4,3,1
false,3,4,3,2
false,3,4,3,3
false,3,4,3,4
false,3,4,3,5
false,3,4,3,6
false,3,4,3,7
false,3,4,3,8
false,3,4,4,1
false,3,4,4,2
false,3,4,4,3
false,3,4,4,4
false,3,4,4,5
false,3,4,4,6
false,3,4,4,7
false,3,4,4,8
false,3,4,5,1
false,3,4,5,2
false,3,4,5,3
false,3,4,5,4
false,3,4,5,5
false,3,4,5,6
false,3,4,5,7
false,3,4,5,8
false,3,4,6,1
false,3,4,6,2
false,3,4,6,3
false,3,4,6,4
false,3,4,6,5
false,3,4,6,6
false,3,4,6,7
false,3,4,6,8
false,3,4,7,1
false,3,4,7,2
false,3,4,7,3
false,3,4,7,4
false,3,4,7,5
false,3,4,7,6
false,3,4,7,7
false,3,4,7,8
false,3,4,8,1
false,3,4,8,2
false,3,4,8,3
false,3,4,8,4
false,3,4,8,5
false,3,4,8,6
false,3,4,8,7
false,3,4,8,8
false,3,5,1,1
false,3,5,1,2
false,3,5,1,3
false,3,5,1,4
false,3,5,1,5
false,3,5,1,6
true,3,5,1,7
true,3,5,1,8
false,3,5,2,1
false,3,5,2,2
false,3,5,2,3
false,3,5,2,4
false,3,5,2,5
false,3,5,2,6
false,3,5,2,7
false,3,5,2,8
false,3,5,3,1
false,3,5,3,2
false,3,5,3,3
false,3,5,3,4
false,3,5,3,5
false,3,5,3,6
false,3,5,3,7
false,3,5,3,8
false,3,5,4,1
false,3,5,4,2
false,3,5,4,3
false,3,5,4,4
false,3,5,4,5
false,3,5,4,6
false,3,5,4,7
false,3,5,4,8
false,3,5,5,1
false,3,5,5,2
false,3,5,5,3
false,3,5,5,4
false,3,5,5,5
false,3,5,5,6
false,3,5,5,7
false,3,5,5,8
false,3,5,6,1
false,3,5,6,2
false,3,5,6,3
false,3,5,6,4
false,3,5,6,5
false,3,5,6,6
false,3,5,6,7
false,3,5,6,8
true,3,5,7,1
false,3,5,7,2
false,3,5,7,3
false,3,5,7,4
false,3,5,7,5
false,3,5,7,6
false,3,5,7,7
false,3,5,7,8
true,3,5,8,1
false,3,5,8,2
false,3,5,8,3
false,3,5,8,4
false,3,5,8,5
false,3,5,8,6
false,3,5,8,7
false,3,5,8,8
false,3,6,1,1
false,3,6,1,2
false,3,6,1,3
false,3,6,1,4
false,3,6,1,5
false,3,6,1,6
false,3,6,1,7
true,3,6,1,8
false,3,6,2,1
false,3,6,2,2
false,3,6,2,3
false,3,6,2,4
false,3,6,2,5
false,3,6,2,6
false,3,6,2,7
false,3,6,2,8
false,3,6,3,1
false,3,6,3,2
false,3,6,3,3
false,3,6,3,4
false,3,6,3,5
false,3,6,3,6
false,3,6,3,7
false,3,6,3,8
false,3,6,4,1
false,3,6,4,2
false,3,6,4,3
false,3,6,4,4
false,3,6,4,5
false,3,6,4,6
false,3,6,4,7
false,3,6,4,8
false,3,6,5,1
false,3,6,5,2
false,3,6,5,3
false,3,6,5,4
false,3,6,5,5
false,3,6,5,6
false,3,6,5,7
false,3,6,5,8
false,3,6,6,1
false,3,6,6,2
false,3,6,6,3
false,3,6,6,4
false,3,6,6,5
false,3,6,6,6
false,3,6,6,7
false,3,6,6,8
false,3,6,7,1
false,3,6,7,2
false,3,6,7,3
false,3,6,7,4
false,3,6,7,5
false,3,6,7,6
false,3,6,7,7
false,3,6,7,8
true,3,6,8,1
false,3,6,8,2
false,3,6,8,3
false,3,6,8,4
false,3,6,8,5
false,3,6,8,6
false,3,6,8,7
false,3,6,8,8
false,3,7,1,1
false,3,7,1,2
false,3,7,1,3
false,3,7,1,4
true,3,7,1,5
false,3,7,1,6
false,3,7,1,7
false,3,7,1,8
false,3,7,2,1
false,3,7,2,2
false,3,7,2,3
false,3,7,2,4
false,3,7,2,5
false,3,7,2,6
false,3,7,2,7
false,3,7,2,8
false,3,7,3,1
false,3,7,3,2
false,3,7,3,3
false,3,7,3,4
false,3,7,3,5
false,3,7,3,6
false,3,7,3,7
false,3,7,3,8
false,3,7,4,1
false,3,7,4,2
false,3,7,4,3
false,3,7,4,4
false,3,7,4,5
false,3,7,4,6
false,3,7,4,7
false,3,7,4,8
true,3,7,5,1
false,3,7,5,2
false,3,7,5,3
false,3,7,5,4
false,3,7,5,5
false,3,7,5,6
false,3,7,5,7
false,3,7,5,8
false,3,7,6,1
false,3,7,6,2
false,3,7,6,3
false,3,7,6,4
false,3,7,6,5
false,3,7,6,6
false,3,7,6,7
false,3,7,6,8
false,3,7,7,1
false,3,7,7,2
false,3,7,7,3
false,3,7,7,4
false,3,7,7,5
false,3,7,7,6
false,3,7,7,7
false,3,7,7,8
false,3,7,8,1
false,3,7,8,2
false,3,7,8,3
false,3,7,8,4
false,3,7,8,5
false,3,7,8,6
false,3,7,8,7
false,3,7,8,8
false,3,8,1,1
false,3,8,1,2
false,3,8,1,3
false,3,8,1,4
true,3,8,1,5
true,3,8,1,6
false,3,8,1,7
false,3,8,1,8
false,3,8,2,1
false,3,8,2,2
false,3,8,2,3
false,3,8,2,4
false,3,8,2,5
false,3,8,2,6
false,3,8,2,7
false,3,8,2,8
false,3,8,3,1
false,3,8,3,2
false,3,8,3,3
false,3,8,3,4
false,3,8,3,5
false,3,8,3,6
false,3,8,3,7
false,3,8,3,8
false,3,8,4,1
false,3,8,4,2
false,3,8,4,3
false,3,8,4,4
false,3,8,4,5
false,3,8,4,6
false,3,8,4,7
false,3,8,4,8
true,3,8,5,1
false,3,8,5,2
false,3,8,5,3
false,3,8,5,4
false,3,8,5,5
false,3,8,5,6
false,3,8,5,7
false,3,8,5,8
true,3,8,6,1
false,3,8,6,2
false,3,8,6,3
false,3,8,6,4
false,3,8,6,5
false,3,8,6,6
false,3,8,6,7
false,3,8,6,8
false,3,8,7,1
false,3,8,7,2
false,3,8,7,3
false,3,8,7,4
false,3,8,7,5
false,3,8,7,6
false,3,8,7,7
false,3,8,7,8
false,3,8,8,1
false,3,8,8,2
false,3,8,8,3
false,3,8,8,4
false,3,8,8,5
false,3,8,8,6
false,3,8,8,7
false,3,8,8,8
false,4,1,1,1
false,4,1,1,2
false,4,1,1,3
false,4,1,1,4
false,4,1,1,5
false,4,1,1,6
false,4,1,1,7
false,4,1,1,8
false,4,1,2,1
false,4,1,2,2
false,4,1,2,3
false,4,1,2,4
false,4,1,2,5
false,4,1,2,6
false,4,1,2,7
false,4,1,2,8
false,4,1,3,1
false,4,1,3,2
false,4,1,3,3
false,4,1,3,4
false,4,1,3,5
false,4,1,3,6
false,4,1,3,7
false,4,1,3,8
false,4,1,4,1
false,4,1,4,2
false,4,1,4,3
false,4,1,4,4
false,4,1,4,5
false,4,1,4,6
false,4,1,4,7
false,4,1,4,8
false,4,1,5,1
false,4,1,5,2
false,4,1,5,3
false,4,1,5,4
false,4,1,5,5
false,4,1,5,6
false,4,1,5,7
false,4,1,5,8
false,4,1,6,1
false,4,1,6,2
false,4,1,6,3
false,4,1,6,4
false,4,1,6,5
false,4,1,6,6
false,4,1,6,7
true,4,1,6,8
false,4,1,7,1
false,4,1,7,2
false,4,1,7,3
false,4,1,7,4
false,4,1,7,5
false,4,1,7,6
false,4,1,7,7
false,4,1,7,8
false,4,1,8,1
false,4,1,8,2
false,4,1,8,3
false,4,1,8,4
false,4,1,8,5
true,4,1,8,6
false,4,1,8,7
false,4,1,8,8
false,4,2,1,1
false,4,2,1,2
false,4,2,1,3
false,4,2,1,4
false,4,2,1,5
false,4,2,1,6
false,4,2,1,7
false,4,2,1,8
false,4,2,2,1
false,4,2,2,2
false,4,2,2,3
false,4,2,2,4
false,4,2,2,5
false,4,2,2,6
false,4,2,2,7
false,4,2,2,8
false,4,2,3,1
false,4,2,3,2
false,4,2,3,3
false,4,2,3,4
false,4,2,3,5
false,4,2,3,6
false,4,2,3,7
false,4,2,3,8
false,4,2,4,1
false,4,2,4,2
false,4,2,4,3
false,4,2,4,4
false,4,2,4,5
false,4,2,4,6
false,4,2,4,7
false,4,2,4,8
false,4,2,5,1
false,4,2,5,2
false,4,2,5,3
false,4,2,5,4
false,4,2,5,5
false,4,2,5,6
false,4,2,5,7
false,4,2,5,8
false,4,2,6,1
false,4,2,6,2
false,4,2,6,3
false,4,2,6,4
false,4,2,6,5
false,4,2,6,6
false,4,2,6,7
true,4,2,6,8
false,4,2,7,1
false,4,2,7,2
false,4,2,7,3
false,4,2,7,4
false,4,2,7,5
false,4,2,7,6
false,4,2,7,7
false,4,2,7,8
false,4,2,8,1
false,4,2,8,2
false,4,2,8,3
false,4,2,8,4
false,4,2,8,5
true,4,2,8,6
false,4,2,8,7
false,4,2,8,8
false,4,3,1,1
false,4,3,1,2
false,4,3,1,3
false,4,3,1,4
false,4,3,1,5
false,4,3,1,6
false,4,3,1,7
false,4,3,1,8
false,4,3,2,1
false,4,3,2,2
false,4,3,2,3
false,4,3,2,4
false,4,3,2,5
false,4,3,2,6
false,4,3,2,7
false,4,3,2,8
false,4,3,3,1
false,4,3,3,2
false,4,3,3,3
false,4,3,3,4
false,4,3,3,5
false,4,3,3,6
false,4,3,3,7
false,4,3,3,8
false,4,3,4,1
false,4,3,4,2
false,4,3,4,3
false,4,3,4,4
false,4,3,4,5
false,4,3,4,6
false,4,3,4,7
false,4,3,4,8
false,4,3,5,1
false,4,3,5,2
false,4,3,5,3
false,4,3,5,4
false,4,3,5,5
false,4,3,5,6
false,4,3,5,7
false,4,3,5,8
false,4,3,6,1
false,4,3,6,2
false,4,3,6,3
false,4,3,6,4
false,4,3,6,5
false,4,3,6,6
false,4,3,6,7
false,4,3,6,8
false,4,3,7,1
false,4,3,7,2
false,4,3,7,3
false,4,3,7,4
false,4,3,7,5
false,4,3,7,6
false,4,3,7,7
false,4,3,7,8
false,4,3,8,1
false,4,3,8,2
false,4,3,8,3
false,4,3,8,4
false,4,3,8,5
false,4,3,8,6
false,4,3,8,7
false,4,3,8,8
false,4,4,1,1
false,4,4,1,2
false,4,4,1,3
false,4,4,1,4
false,4,4,1,5
false,4,4,1,6
false,4,4,1,7
false,4,4,1,8
false,4,4,2,1
false,4,4,2,2
false,4,4,2,3
false,4,4,2,4
false,4,4,2,5
false,4,4,2,6
false,4,4,2,7
false,4,4,2,8
false,4,4,3,1
false,4,4,3,2
false,4,4,3,3
false,4,4,3,4
false,4,4,3,5
false,4,4,3,6
false,4,4,3,7
false,4,4,3,8
false,4,4,4,1
false,4,4,4,2
false,4,4,4,3
false,4,4,4,4
false,4,4,4,5
false,4,4,4,6
false,4,4,4,7
false,4,4,4,8
false,4,4,5,1
false,4,4,5,2
false,4,4,5,3
false,4,4,5,4
false,4,4,5,5
false,4,4,5,6
false,4,4,5,7
false,4,4,5,8
false,4,4,6,1
false,4,4,6,2
false,4,4,6,3
false,4,4,6,4
false,4,4,6,5
false,4,4,6,6
false,4,4,6,7
false,4,4,6,8
false,4,4,7,1
false,4,4,7,2
false,4,4,7,3
false,4,4,7,4
false,4,4,7,5
false,4,4,7,6
false,4,4,7,7
false,4,4,7,8
false,4,4,8,1
false,4,4,8,2
false,4,4,8,3
false,4,4,8,4
false,4,4,8,5
false,4,4,8,6
false,4,4,8,7
false,4,4,8,8
false,4,5,1,1
false,4,5,1,2
false,4,5,1,3
false,4,5,1,4
false,4,5,1,5
false,4,5,1,6
false,4,5,1,7
false,4,5,1,8
false,4,5,2,1
false,4,5,2,2
false,4,5,2,3
false,4,5,2,4
false,4,5,2,5
false,4,5,2,6
false,4,5,2,7
false,4,5,2,8
false,4,5,3,1
false,4,5,3,2
false,4,5,3,3
false,4,5,3,4
false,4,5,3,5
false,4,5,3,6
false,4,5,3,7
false,4,5,3,8
false,4,5,4,1
false,4,5,4,2
false,4,5,4,3
false,4,5,4,4
false,4,5,4,5
false,4,5,4,6
false,4,5,4,7
false,4,5,4,8
false,4,5,5,1
false,4,5,5,2
false,4,5,5,3
false,4,5,5,4
false,4,5,5,5
false,4,5,5,6
false,4,5,5,7
false,4,5,5,8
false,4,5,6,1
false,4,5,6,2
false,4,5,6,3
false,4,5,6,4
false,4,5,6,5
false,4,5,6,6
false,4,5,6,7
false,4,5,6,8
false,4,5,7,1
false,4,5,7,2
false,4,5,7,3
false,4,5,7,4
false,4,5,7,5
false,4,5,7,6
false,4,5,7,7
false,4,5,7,8
false,4,5,8,1
false,4,5,8,2
false,4,5,8,3
false,4,5,8,4
false,4,5,8,5
false,4,5,8,6
false,4,5,8,7
false,4,5,8,8
false,4,6,1,1
false,4,6,1,2
false,4,6,1,3
false,4,6,1,4
false,4,6,1,5
false,4,6,1,6
false,4,6,1,7
true,4,6,1,8
false,4,6,2,1
false,4,6,2,2
false,4,6,2,3
false,4,6,2,4
false,4,6,2,5
false,4,6,2,6
false,4,6,2,7
true,4,6,2,8
false,4,6,3,1
false,4,6,3,2
false,4,6,3,3
false,4,6,3,4
false,4,6,3,5
false,4,6,3,6
false,4,6,3,7
false,4,6,3,8
false,4,6,4,1
false,4,6,4,2
false,4,6,4,3
false,4,6,4,4
false,4,6,4,5
false,4,6,4,6
false,4,6,4,7
false,4,6,4,8
false,4,6,5,1
false,4,6,5,2
false,4,6,5,3
false,4,6,5,4
false,4,6,5,5
false,4,6,5,6
false,4,6,5,7
false,4,6,5,8
false,4,6,6,1
false,4,6,6,2
false,4,6,6,3
false,4,6,6,4
false,4,6,6,5
false,4,6,6,6
false,4,6,6,7
false,4,6,6,8
false,4,6,7,1
false,4,6,7,2
false,4,6,7,3
false,4,6,7,4
false,4,6,7,5
false,4,6,7,6
false,4,6,7,7
false,4,6,7,8
true,4,6,8,1
true,4,6,8,2
false,4,6,8,3
false,4,6,8,4
false,4,6,8,5
false,4,6,8,6
false,4,6,8,7
false,4,6,8,8
false,4,7,1,1
false,4,7,1,2
false,4,7,1,3
false,4,7,1,4
false,4,7,1,5
false,4,7,1,6
false,4,7,1,7
false,4,7,1,8
false,4,7,2,1
false,4,7,2,2
false,4,7,2,3
false,4,7,2,4
false,4,7,2,5
false,4,7,2,6
false,4,7,2,7
false,4,7,2,8
false,4,7,3,1
false,4,7,3,2
false,4,7,3,3
false,4,7,3,4
false,4,7,3,5
false,4,7,3,6
false,4,7,3,7
false,4,7,3,8
false,4,7,4,1
false,4,7,4,2
false,4,7,4,3
false,4,7,4,4
false,4,7,4,5
false,4,7,4,6
false,4,7,4,7
false,4,7,4,8
false,4,7,5,1
false,4,7,5,2
false,4,7,5,3
false,4,7,5,4
false,4,7,5,5
false,4,7,5,6
false,4,7,5,7
false,4,7,5,8
false,4,7,6,1
false,4,7,6,2
false,4,7,6,3
false,4,7,6,4
false,4,7,6,5
false,4,7,6,6
false,4,7,6,7
false,4,7,6,8
false,4,7,7,1
false,4,7,7,2
false,4,7,7,3
false,4,7,7,4
false,4,7,7,5
false,4,7,7,6
false,4,7,7,7
false,4,7,7,8
false,4,7,8,1
false,4,7,8,2
false,4,7,8,3
false,4,7,8,4
false,4,7,8,5
false,4,7,8,6
false,4,7,8,7
false,4,7,8,8
false,4,8,1,1
false,4,8,1,2
false,4,8,1,3
false,4,8,1,4
false,4,8,1,5
true,4,8,1,6
false,4,8,1,7
false,4,8,1,8
false,4,8,2,1
false,4,8,2,2
false,4,8,2,3
false,4,8,2,4
false,4,8,2,5
true,4,8,2,6
false,4,8,2,7
false,4,8,2,8
false,4,8,3,1
false,4,8,3,2
false,4,8,3,3
false,4,8,3,4
false,4,8,3,5
false,4,8,3,6
false,4,8,3,7
false,4,8,3,8
false,4,8,4,1
false,4,8,4,2
false,4,8,4,3
false,4,8,4,4
false,4,8,4,5
false,4,8,4,6
false,4,8,4,7
false,4,8,4,8
false,4,8,5,1
false,4,8,5,2
false,4,8,5,3
false,4,8,5,4
false,4,8,5,5
false,4,8,5,6
false,4,8,5,7
false,4,8,5,8
true,4,8,6,1
true,4,8,6,2
false,4,8,6,3
false,4,8,6,4
false,4,8,6,5
false,4,8,6,6
false,4,8,6,7
false,4,8,6,8
false,4,8,7,1
false,4,8,7,2
false,4,8,7,3
false,4,8,7,4
false,4,8,7,5
false,4,8,7,6
false,4,8,7,7
false,4,8,7,8
false,4,8,8,1
false,4,8,8,2
false,4,8,8,3
false,4,8,8,4
false,4,8,8,5
false,4,8,8,6
false,4,8,8,7
false,4,8,8,8
false,5,1,1,1
false,5,1,1,2
false,5,1,1,3
false,5,1,1,4
false,5,1,1,5
false,5,1,1,6
false,5,1,1,7
false,5,1,1,8
false,5,1,2,1
false,5,1,2,2
false,5,1,2,3
false,5,1,2,4
false,5,1,2,5
false,5,1,2,6
false,5,1,2,7
false,5,1,2,8
false,5,1,3,1
false,5,1,3,2
false,5,1,3,3
false,5,1,3,4
false,5,1,3,5
false,5,1,3,6
true,5,1,3,7
true,5,1,3,8
false,5,1,4,1
false,5,1,4,2
false,5,1,4,3
false,5,1,4,4
false,5,1,4,5
false,5,1,4,6
false,5,1,4,7
false,5,1,4,8
false,5,1,5,1
false,5,1,5,2
false,5,1,5,3
false,5,1,5,4
false,5,1,5,5
false,5,1,5,6
false,5,1,5,7
false,5,1,5,8
false,5,1,6,1
false,5,1,6,2
false,5,1,6,3
false,5,1,6,4
false,5,1,6,5
false,5,1,6,6
false,5,1,6,7
false,5,1,6,8
false,5,1,7,1
false,5,1,7,2
true,5,1,7,3
false,5,1,7,4
false,5,1,7,5
false,5,1,7,6
false,5,1,7,7
false,5,1,7,8
false,5,1,8,1
false,5,1,8,2
true,5,1,8,3
false,5,1,8,4
false,5,1,8,5
false,5,1,8,6
false,5,1,8,7
false,5,1,8,8
false,5,2,1,1
false,5,2,1,2
false,5,2,1,3
false,5,2,1,4
false,5,2,1,5
false,5,2,1,6
false,5,2,1,7
false,5,2,1,8
false,5,2,2,1
false,5,2,2,2
false,5,2,2,3
false,5,2,2,4
false,5,2,2,5
false,5,2,2,6
false,5,2,2,7
false,5,2,2,8
false,5,2,3,1
false,5,2,3,2
false,5,2,3,3
false,5,2,3,4
false,5,2,3,5
false,5,2,3,6
false,5,2,3,7
false,5,2,3,8
false,5,2,4,1
false,5,2,4,2
false,5,2,4,3
false,5,2,4,4
false,5,2,4,5
false,5,2,4,6
false,5,2,4,7
false,5,2,4,8
false,5,2,5,1
false,5,2,5,2
false,5,2,5,3
false,5,2,5,4
false,5,2,5,5
false,5,2,5,6
false,5,2,5,7
false,5,2,5,8
false,5,2,6,1
false,5,2,6,2
false,5,2,6,3
false,5,2,6,4
false,5,2,6,5
false,5,2,6,6
false,5,2,6,7
false,5,2,6,8
false,5,2,7,1
false,5,2,7,2
false,5,2,7,3
false,5,2,7,4
false,5,2,7,5
false,5,2,7,6
false,5,2,7,7
false,5,2,7,8
false,5,2,8,1
false,5,2,8,2
false,5,2,8,3
false,5,2,8,4
false,5,2,8,5
false,5,2,8,6
false,5,2,8,7
false,5,2,8,8
false,5,3,1,1
false,5,3,1,2
false,5,3,1,3
false,5,3,1,4
false,5,3,1,5
false,5,3,1,6
true,5,3,1,7
true,5,3,1,8
false,5,3,2,1
false,5,3,2,2
false,5,3,2,3
false,5,3,2,4
false,5,3,2,5
false,5,3,2,6
false,5,3,2,7
false,5,3,2,8
false,5,3,3,1
false,5,3,3,2
false,5,3,3,3
false,5,3,3,4
false,5,3,3,5
false,5,3,3,6
false,5,3,3,7
false,5,3,3,8
false,5,3,4,1
false,5,3,4,2
false,5,3,4,3
false,5,3,4,4
false,5,3,4,5
false,5,3,4,6
false,5,3,4,7
false,5,3,4,8
false,5,3,5,1
false,5,3,5,2
false,5,3,5,3
false,5,3,5,4
false,5,3,5,5
false,5,3,5,6
false,5,3,5,7
false,5,3,5,8
false,5,3,6,1
false,5,3,6,2
false,5,3,6,3
false,5,3,6,4
false,5,3,6,5
false,5,3,6,6
false,5,3,6,7
false,5,3,6,8
true,5,3,7,1
false,5,3,7,2
false,5,3,7,3
false,5,3,7,4
false,5,3,7,5
false,5,3,7,6
false,5,3,7,7
false,5,3,7,8
true,5,3,8,1
false,5,3,8,2
false,5,3,8,3
false,5,3,8,4
false,5,3,8,5
false,5,3,8,6
false,5,3,8,7
false,5,3,8,8
false,5,4,1,1
false,5,4,1,2
false,5,4,1,3
false,5,4,1,4
false,5,4,1,5
false,5,4,1,6
false,5,4,1,7
false,5,4,1,8
false,5,4,2,1
false,5,4,2,2
false,5,4,2,3
false,5,4,2,4
false,5,4,2,5
false,5,4,2,6
false,5,4,2,7
false,5,4,2,8
false,5,4,3,1
false,5,4,3,2
false,5,4,3,3
false,5,4,3,4
false,5,4,3,5
false,5,4,3,6
false,5,4,3,7
false,5,4,3,8
false,5,4,4,1
false,5,4,4,2
false,5,4,4,3
false,5,4,4,4
false,5,4,4,5
false,5,4,4,6
false,5,4,4,7
false,5,4,4,8
false,5,4,5,1
false,5,4,5,2
false,5,4,5,3
false,5,4,5,4
false,5,4,5,5
false,5,4,5,6
false,5,4,5,7
false,5,4,5,8
false,5,4,6,1
false,5,4,6,2
false,5,4,6,3
false,5,4,6,4
false,5,4,6,5
false,5,4,6,6
false,5,4,6,7
false,5,4,6,8
false,5,4,7,1
false,5,4,7,2
false,5,4,7,3
false,5,4,7,4
false,5,4,7,5
false,5,4,7,6
false,5,4,7,7
false,5,4,7,8
false,5,4,8,1
false,5,4,8,2
false,5,4,8,3
false,5,4,8,4
false,5,4,8,5
false,5,4,8,6
false,5,4,8,7
false,5,4,8,8
false,5,5,1,1
false,5,5,1,2
false,5,5,1,3
false,5,5,1,4
false,5,5,1,5
false,5,5,1,6
false,5,5,1,7
false,5,5,1,8
false,5,5,2,1
false,5,5,2,2
false,5,5,2,3
false,5,5,2,4
false,5,5,2,5
false,5,5,2,6
false,5,5,2,7
false,5,5,2,8
false,5,5,3,1
false,5,5,3,2
false,5,5,3,3
false,5,5,3,4
false,5,5,3,5
false,5,5,3,6
false,5,5,3,7
false,5,5,3,8
false,5,5,4,1
false,5,5,4,2
false,5,5,4,3
false,5,5,4,4
false,5,5,4,5
false,5,5,4,6
false,5,5,4,7
false,5,5,4,8
false,5,5,5,1
false,5,5,5,2
false,5,5,5,3
false,5,5,5,4
false,5,5,5,5
false,5,5,5,6
false,5,5,5,7
false,5,5,5,8
false,5,5,6,1
false,5,5,6,2
false,5,5,6,3
false,5,5,6,4
false,5,5,6,5
false,5,5,6,6
false,5,5,6,7
false,5,5,6,8
false,5,5,7,1
false,5,5,7,2
false,5,5,7,3
false,5,5,7,4
false,5,5,7,5
false,5,5,7,6
false,5,5,7,7
false,5,5,7,8
false,5,5,8,1
false,5,5,8,2
false,5,5,8,3
false,5,5,8,4
false,5,5,8,5
false,5,5,8,6
false,5,5,8,7
false,5,5,8,8
false,5,6,1,1
false,5,6,1,2
false,5,6,1,3
false,5,6,1,4
false,5,6,1,5
false,5,6,1,6
false,5,6,1,7
false,5,6,1,8
false,5,6,2,1
false,5,6,2,2
false,5,6,2,3
false,5,6,2,4
false,5,6,2,5
false,5,6,2,6
false,5,6,2,7
false,5,6,2,8
false,5,6,3,1
false,5,6,3,2
false,5,6,3,3
false,5,6,3,4
false,5,6,3,5
false,5,6,3,6
false,5,6,3,7
false,5,6,3,8
false,5,6,4,1
false,5,6,4,2
false,5,6,4,3
false,5,6,4,4
false,5,6,4,5
false,5,6,4,6
false,5,6,4,7
false,5,6,4,8
false,5,6,5,1
false,5,6,5,2
false,5,6,5,3
false,5,6,5,4
false,5,6,5,5
false,5,6,5,6
false,5,6,5,7
false,5,6,5,8
false,5,6,6,1
false,5,6,6,2
false,5,6,6,3
false,5,6,6,4
false,5,6,6,5
false,5,6,6,6
false,5,6,6,7
false,5,6,6,8
false,5,6,7,1
false,5,6,7,2
false,5,6,7,3
false,5,6,7,4
false,5,6,7,5
false,5,6,7,6
false,5,6,7,7
false,5,6,7,8
false,5,6,8,1
false,5,6,8,2
false,5,6,8,3
false,5,6,8,4
false,5,6,8,5
false,5,6,8,6
false,5,6,8,7
false,5,6,8,8
false,5,7,1,1
false,5,7,1,2
true,5,7,1,3
false,5,7,1,4
false,5,7,1,5
false,5,7,1,6
false,5,7,1,7
false,5,7,1,8
false,5,7,2,1
false,5,7,2,2
false,5,7,2,3
false,5,7,2,4
false,5,7,2,5
false,5,7,2,6
false,5,7,2,7
false,5,7,2,8
true,5,7,3,1
false,5,7,3,2
false,5,7,3,3
false,5,7,3,4
false,5,7,3,5
false,5,7,3,6
false,5,7,3,7
false,5,7,3,8
false,5,7,4,1
false,5,7,4,2
false,5,7,4,3
false,5,7,4,4
false,5,7,4,5
false,5,7,4,6
false,5,7,4,7
false,5,7,4,8
false,5,7,5,1
false,5,7,5,2
false,5,7,5,3
false,5,7,5,4
false,5,7,5,5
false,5,7,5,6
false,5,7,5,7
false,5,7,5,8
false,5,7,6,1
false,5,7,6,2
false,5,7,6,3
false,5,7,6,4
false,5,7,6,5
false,5,7,6,6
false,5,7,6,7
false,5,7,6,8
false,5,7,7,1
false,5,7,7,2
false,5,7,7,3
false,5,7,7,4
false,5,7,7,5
false,5,7,7,6
false,5,7,7,7
false,5,7,7,8
false,5,7,8,1
false,5,7,8,2
false,5,7,8,3
false,5,7,8,4
false,5,7,8,5
false,5,7,8,6
false,5,7,8,7
false,5,7,8,8
false,5,8,1,1
false,5,8,1,2
true,5,8,1,3
false,5,8,1,4
false,5,8,1,5
false,5,8,1,6
false,5,8,1,7
false,5,8,1,8
false,5,8,2,1
false,5,8,2,2
false,5,8,2,3
false,5,8,2,4
false,5,8,2,5
false,5,8,2,6
false,5,8,2,7
false,5,8,2,8
true,5,8,3,1
false,5,8,3,2
false,5,8,3,3
false,5,8,3,4
false,5,8,3,5
false,5,8,3,6
false,5,8,3,7
false,5,8,3,8
false,5,8,4,1
false,5,8,4,2
false,5,8,4,3
false,5,8,4,4
false,5,8,4,5
false,5,8,4,6
false,5,8,4,7
false,5,8,4,8
false,5,8,5,1
false,5,8,5,2
false,5,8,5,3
false,5,8,5,4
false,5,8,5,5
false,5,8,5,6
false,5,8,5,7
false,5,8,5,8
false,5,8,6,1
false,5,8,6,2
false,5,8,6,3
false,5,8,6,4
false,5,8,6,5
false,5,8,6,6
false,5,8,6,7
false,5,8,6,8
false,5,8,7,1
false,5,8,7,2
false,5,8,7,3
false,5,8,7,4
false,5,8,7,5
false,5,8,7,6
false,5,8,7,7
false,5,8,7,8
false,5,8,8,1
false,5,8,8,2
false,5,8,8,3
false,5,8,8,4
false,5,8,8,5
false,5,8,8,6
false,5,8,8,7
false,5,8,8,8
false,6,1,1,1
false,6,1,1,2
false,6,1,1,3
false,6,1,1,4
false,6,1,1,5
false,6,1,1,6
false,6,1,1,7
false,6,1,1,8
false,6,1,2,1
false,6,1,2,2
false,6,1,2,3
false,6,1,2,4
false,6,1,2,5
false,6,1,2,6
false,6,1,2,7
false,6,1,2,8
false,6,1,3,1
false,6,1,3,2
false,6,1,3,3
false,6,1,3,4
false,6,1,3,5
false,6,1,3,6
false,6,1,3,7
true,6,1,3,8
false,6,1,4,1
false,6,1,4,2
false,6,1,4,3
false,6,1,4,4
false,6,1,4,5
false,6,1,4,6
false,6,1,4,7
true,6,1,4,8
false,6,1,5,1
false,6,1,5,2
false,6,1,5,3
false,6,1,5,4
false,6,1,5,5
false,6,1,5,6
false,6,1,5,7
false,6,1,5,8
false,6,1,6,1
false,6,1,6,2
false,6,1,6,3
false,6,1,6,4
false,6,1,6,5
false,6,1,6,6
false,6,1,6,7
false,6,1,6,8
false,6,1,7,1
false,6,1,7,2
false,6,1,7,3
false,6,1,7,4
false,6,1,7,5
false,6,1,7,6
false,6,1,7,7
false,6,1,7,8
false,6,1,8,1
false,6,1,8,2
true,6,1,8,3
true,6,1,8,4
false,6,1,8,5
false,6,1,8,6
false,6,1,8,7
false,6,1,8,8
false,6,2,1,1
false,6,2,1,2
false,6,2,1,3
false,6,2,1,4
false,6,2,1,5
false,6,2,1,6
false,6,2,1,7
false,6,2,1,8
false,6,2,2,1
false,6,2,2,2
false,6,2,2,3
false,6,2,2,4
false,6,2,2,5
false,6,2,2,6
false,6,2,2,7
false,6,2,2,8
false,6,2,3,1
false,6,2,3,2
false,6,2,3,3
false,6,2,3,4
false,6,2,3,5
false,6,2,3,6
false,6,2,3,7
false,6,2,3,8
false,6,2,4,1
false,6,2,4,2
false,6,2,4,3
false,6,2,4,4
false,6,2,4,5
false,6,2,4,6
false,6,2,4,7
true,6,2,4,8
false,6,2,5,1
false,6,2,5,2
false,6,2,5,3
false,6,2,5,4
false,6,2,5,5
false,6,2,5,6
false,6,2,5,7
false,6,2,5,8
false,6,2,6,1
false,6,2,6,2
false,6,2,6,3
false,6,2,6,4
false,6,2,6,5
false,6,2,6,6
false,6,2,6,7
false,6,2,6,8
false,6,2,7,1
false,6,2,7,2
false,6,2,7,3
false,6,2,7,4
false,6,2,7,5
false,6,2,7,6
false,6,2,7,7
false,6,2,7,8
false,6,2,8,1
false,6,2,8,2
false,6,2,8,3
true,6,2,8,4
false,6,2,8,5
false,6,2,8,6
false,6,2,8,7
false,6,2,8,8
false,6,3,1,1
false,6,3,1,2
false,6,3,1,3
false,6,3,1,4
false,6,3,1,5
false,6,3,1,6
false,6,3,1,7
true,6,3,1,8
false,6,3,2,1
false,6,3,2,2
false,6,3,2,3
false,6,3,2,4
false,6,3,2,5
false,6,3,2,6
false,6,3,2,7
false,6,3,2,8
false,6,3,3,1
false,6,3,3,2
false,6,3,3,3
false,6,3,3,4
false,6,3,3,5
false,6,3,3,6
false,6,3,3,7
false,6,3,3,8
false,6,3,4,1
false,6,3,4,2
false,6,3,4,3
false,6,3,4,4
false,6,3,4,5
false,6,3,4,6
false,6,3,4,7
false,6,3,4,8
false,6,3,5,1
false,6,3,5,2
false,6,3,5,3
false,6,3,5,4
false,6,3,5,5
false,6,3,5,6
false,6,3,5,7
false,6,3,5,8
false,6,3,6,1
false,6,3,6,2
false,6,3,6,3
false,6,3,6,4
false,6,3,6,5
false,6,3,6,6
false,6,3,6,7
false,6,3,6,8
false,6,3,7,1
false,6,3,7,2
false,6,3,7,3
false,6,3,7,4
false,6,3,7,5
false,6,3,7,6
false,6,3,7,7
false,6,3,7,8
true,6,3,8,1
false,6,3,8,2
false,6,3,8,3
false,6,3,8,4
false,6,3,8,5
false,6,3,8,6
false,6,3,8,7
false,6,3,8,8
false,6,4,1,1
false,6,4,1,2
false,6,4,1,3
false,6,4,1,4
false,6,4,1,5
false,6,4,1,6
false,6,4,1,7
true,6,4,1,8
false,6,4,2,1
false,6,4,2,2
false,6,4,2,3
false,6,4,2,4
false,6,4,2,5
false,6,4,2,6
false,6,4,2,7
true,6,4,2,8
false,6,4,3,1
false,6,4,3,2
false,6,4,3,3
false,6,4,3,4
false,6,4,3,5
false,6,4,3,6
false,6,4,3,7
false,6,4,3,8
false,6,4,4,1
false,6,4,4,2
false,6,4,4,3
false,6,4,4,4
false,6,4,4,5
false,6,4,4,6
false,6,4,4,7
false,6,4,4,8
false,6,4,5,1
false,6,4,5,2
false,6,4,5,3
false,6,4,5,4
false,6,4,5,5
false,6,4,5,6
false,6,4,5,7
false,6,4,5,8
false,6,4,6,1
false,6,4,6,2
false,6,4,6,3
false,6,4,6,4
false,6,4,6,5
false,6,4,6,6
false,6,4,6,7
false,6,4,6,8
false,6,4,7,1
false,6,4,7,2
false,6,4,7,3
false,6,4,7,4
false,6,4,7,5
false,6,4,7,6
false,6,4,7,7
false,6,4,7,8
true,6,4,8,1
true,6,4,8,2
false,6,4,8,3
false,6,4,8,4
false,6,4,8,5
false,6,4,8,6
false,6,4,8,7
false,6,4,8,8
false,6,5,1,1
false,6,5,1,2
false,6,5,1,3
false,6,5,1,4
false,6,5,1,5
false,6,5,1,6
false,6,5,1,7
false,6,5,1,8
false,6,5,2,1
false,6,5,2,2
false,6,5,2,3
false,6,5,2,4
false,6,5,2,5
false,6,5,2,6
false,6,5,2,7
false,6,5,2,8
false,6,5,3,1
false,6,5,3,2
false,6,5,3,3
false,6,5,3,4
false,6,5,3,5
false,6,5,3,6
false,6,5,3,7
false,6,5,3,8
false,6,5,4,1
false,6,5,4,2
false,6,5,4,3
false,6,5,4,4
false,6,5,4,5
false,6,5,4,6
false,6,5,4,7
false,6,5,4,8
false,6,5,5,1
false,6,5,5,2
false,6,5,5,3
false,6,5,5,4
false,6,5,5,5
false,6,5,5,6
false,6,5,5,7
false,6,5,5,8
false,6,5,6,1
false,6,5,6,2
false,6,5,6,3
false,6,5,6,4
false,6,5,6,5
false,6,5,6,6
false,6,5,6,7
false,6,5,6,8
false,6,5,7,1
false,6,5,7,2
false,6,5,7,3
false,6,5,7,4
false,6,5,7,5
false,6,5,7,6
false,6,5,7,7
false,6,5,7,8
false,6,5,8,1
false,6,5,8,2
false,6,5,8,3
false,6,5,8,4
false,6,5,8,5
false,6,5,8,6
false,6,5,8,7
false,6,5,8,8
false,6,6,1,1
false,6,6,1,2
false,6,6,1,3
false,6,6,1,4
false,6,6,1,5
false,6,6,1,6
false,6,6,1,7
false,6,6,1,8
false,6,6,2,1
false,6,6,2,2
false,6,6,2,3
false,6,6,2,4
false,6,6,2,5
false,6,6,2,6
false,6,6,2,7
false,6,6,2,8
false,6,6,3,1
false,6,6,3,2
false,6,6,3,3
false,6,6,3,4
false,6,6,3,5
false,6,6,3,6
false,6,6,3,7
false,6,6,3,8
false,6,6,4,1
false,6,6,4,2
false,6,6,4,3
false,6,6,4,4
false,6,6,4,5
false,6,6,4,6
false,6,6,4,7
false,6,6,4,8
false,6,6,5,1
false,6,6,5,2
false,6,6,5,3
false,6,6,5,4
false,6,6,5,5
false,6,6,5,6
false,6,6,5,7
false,6,6,5,8
false,6,6,6,1
false,6,6,6,2
false,6,6,6,3
false,6,6,6,4
false,6,6,6,5
false,6,6,6,6
false,6,6,6,7
false,6,6,6,8
false,6,6,7,1
false,6,6,7,2
false,6,6,7,3
false,6,6,7,4
false,6,6,7,5
false,6,6,7,6
false,6,6,7,7
false,6,6,7,8
false,6,6,8,1
false,6,6,8,2
false,6,6,8,3
false,6,6,8,4
false,6,6,8,5
false,6,6,8,6
false,6,6,8,7
false,6,6,8,8
false,6,7,1,1
false,6,7,1,2
false,6,7,1,3
false,6,7,1,4
false,6,7,1,5
false,6,7,1,6
false,6,7,1,7
false,6,7,1,8
false,6,7,2,1
false,6,7,2,2
false,6,7,2,3
false,6,7,2,4
false,6,7,2,5
false,6,7,2,6
false,6,7,2,7
false,6,7,2,8
false,6,7,3,1
false,6,7,3,2
false,6,7,3,3
false,6,7,3,4
false,6,7,3,5
false,6,7,3,6
false,6,7,3,7
false,6,7,3,8
false,6,7,4,1
false,6,7,4,2
false,6,7,4,3
false,6,7,4,4
false,6,7,4,5
false,6,7,4,6
false,6,7,4,7
false,6,7,4,8
false,6,7,5,1
false,6,7,5,2
false,6,7,5,3
false,6,7,5,4
false,6,7,5,5
false,6,7,5,6
false,6,7,5,7
false,6,7,5,8
false,6,7,6,1
false,6,7,6,2
false,6,7,6,3
false,6,7,6,4
false,6,7,6,5
false,6,7,6,6
false,6,7,6,7
false,6,7,6,8
false,6,7,7,1
false,6,7,7,2
false,6,7,7,3
false,6,7,7,4
false,6,7,7,5
false,6,7,7,6
false,6,7,7,7
false,6,7,7,8
false,6,7,8,1
false,6,7,8,2
false,6,7,8,3
false,6,7,8,4
false,6,7,8,5
false,6,7,8,6
false,6,7,8,7
false,6,7,8,8
false,6,8,1,1
false,6,8,1,2
true,6,8,1,3
true,6,8,1,4
false,6,8,1,5
false,6,8,1,6
false,6,8,1,7
false,6,8,1,8
false,6,8,2,1
false,6,8,2,2
false,6,8,2,3
true,6,8,2,4
false,6,8,2,5
false,6,8,2,6
false,6,8,2,7
false,6,8,2,8
true,6,8,3,1
false,6,8,3,2
false,6,8,3,3
false,6,8,3,4
false,6,8,3,5
false,6,8,3,6
false,6,8,3,7
false,6,8,3,8
true,6,8,4,1
true,6,8,4,2
false,6,8,4,3
false,6,8,4,4
false,6,8,4,5
false,6,8,4,6
false,6,8,4,7
false,6,8,4,8
false,6,8,5,1
false,6,8,5,2
false,6,8,5,3
false,6,8,5,4
false,6,8,5,5
false,6,8,5,6
false,6,8,5,7
false,6,8,5,8
false,6,8,6,1
false,6,8,6,2
false,6,8,6,3
false,6,8,6,4
false,6,8,6,5
false,6,8,6,6
false,6,8,6,7
false,6,8,6,8
false,6,8,7,1
false,6,8,7,2
false,6,8,7,3
false,6,8,7,4
false,6,8,7,5
false,6,8,7,6
false,6,8,7,7
false,6,8,7,8
false,6,8,8,1
false,6,8,8,2
false,6,8,8,3
false,6,8,8,4
false,6,8,8,5
false,6,8,8,6
false,6,8,8,7
false,6,8,8,8
false,7,1,1,1
false,7,1,1,2
false,7,1,1,3
false,7,1,1,4
false,7,1,1,5
false,7,1,1,6
false,7,1,1,7
false,7,1,1,8
false,7,1,2,1
false,7,1,2,2
false,7,1,2,3
false,7,1,2,4
false,7,1,2,5
false,7,1,2,6
false,7,1,2,7
false,7,1,2,8
false,7,1,3,1
false,7,1,3,2
false,7,1,3,3
false,7,1,3,4
true,7,1,3,5
false,7,1,3,6
false,7,1,3,7
false,7,1,3,8
false,7,1,4,1
false,7,1,4,2
false,7,1,4,3
false,7,1,4,4
false,7,1,4,5
false,7,1,4,6
false,7,1,4,7
false,7,1,4,8
false,7,1,5,1
false,7,1,5,2
true,7,1,5,3
false,7,1,5,4
false,7,1,5,5
false,7,1,5,6
false,7,1,5,7
false,7,1,5,8
false,7,1,6,1
false,7,1,6,2
false,7,1,6,3
false,7,1,6,4
false,7,1,6,5
false,7,1,6,6
false,7,1,6,7
false,7,1,6,8
false,7,1,7,1
false,7,1,7,2
false,7,1,7,3
false,7,1,7,4
false,7,1,7,5
false,7,1,7,6
false,7,1,7,7
false,7,1,7,8
false,7,1,8,1
false,7,1,8,2
false,7,1,8,3
false,7,1,8,4
false,7,1,8,5
false,7,1,8,6
false,7,1,8,7
false,7,1,8,8
false,7,2,1,1
false,7,2,1,2
false,7,2,1,3
false,7,2,1,4
false,7,2,1,5
false,7,2,1,6
false,7,2,1,7
false,7,2,1,8
false,7,2,2,1
false,7,2,2,2
false,7,2,2,3
false,7,2,2,4
false,7,2,2,5
false,7,2,2,6
false,7,2,2,7
false,7,2,2,8
false,7,2,3,1
false,7,2,3,2
false,7,2,3,3
false,7,2,3,4
false,7,2,3,5
false,7,2,3,6
false,7,2,3,7
false,7,2,3,8
false,7,2,4,1
false,7,2,4,2
false,7,2,4,3
false,7,2,4,4
false,7,2,4,5
false,7,2,4,6
false,7,2,4,7
false,7,2,4,8
false,7,2,5,1
false,7,2,5,2
false,7,2,5,3
false,7,2,5,4
false,7,2,5,5
false,7,2,5,6
false,7,2,5,7
false,7,2,5,8
false,7,2,6,1
false,7,2,6,2
false,7,2,6,3
false,7,2,6,4
false,7,2,6,5
false,7,2,6,6
false,7,2,6,7
false,7,2,6,8
false,7,2,7,1
false,7,2,7,2
false,7,2,7,3
false,7,2,7,4
false,7,2,7,5
false,7,2,7,6
false,7,2,7,7
false,7,2,7,8
false,7,2,8,1
false,7,2,8,2
false,7,2,8,3
false,7,2,8,4
false,7,2,8,5
false,7,2,8,6
false,7,2,8,7
false,7,2,8,8
false,7,3,1,1
false,7,3,1,2
false,7,3,1,3
false,7,3,1,4
true,7,3,1,5
false,7,3,1,6
false,7,3,1,7
false,7,3,1,8
false,7,3,2,1
false,7,3,2,2
false,7,3,2,3
false,7,3,2,4
false,7,3,2,5
false,7,3,2,6
false,7,3,2,7
false,7,3,2,8
false,7,3,3,1
false,7,3,3,2
false,7,3,3,3
false,7,3,3,4
false,7,3,3,5
false,7,3,3,6
false,7,3,3,7
false,7,3,3,8
false,7,3,4,1
false,7,3,4,2
false,7,3,4,3
false,7,3,4,4
false,7,3,4,5
false,7,3,4,6
false,7,3,4,7
false,7,3,4,8
true,7,3,5,1
false,7,3,5,2
false,7,3,5,3
false,7,3,5,4
false,7,3,5,5
false,7,3,5,6
false,7,3,5,7
false,7,3,5,8
false,7,3,6,1
false,7,3,6,2
false,7,3,6,3
false,7,3,6,4
false,7,3,6,5
false,7,3,6,6
false,7,3,6,7
false,7,3,6,8
false,7,3,7,1
false,7,3,7,2
false,7,3,7,3
false,7,3,7,4
false,7,3,7,5
false,7,3,7,6
false,7,3,7,7
false,7,3,7,8
false,7,3,8,1
false,7,3,8,2
false,7,3,8,3
false,7,3,8,4
false,7,3,8,5
false,7,3,8,6
false,7,3,8,7
false,7,3,8,8
false,7,4,1,1
false,7,4,1,2
false,7,4,1,3
false,7,4,1,4
false,7,4,1,5
false,7,4,1,6
false,7,4,1,7
false,7,4,1,8
false,7,4,2,1
false,7,4,2,2
false,7,4,2,3
false,7,4,2,4
false,7,4,2,5
false,7,4,2,6
false,7,4,2,7
false,7,4,2,8
false,7,4,3,1
false,7,4,3,2
false,7,4,3,3
false,7,4,3,4
false,7,4,3,5
false,7,4,3,6
false,7,4,3,7
false,7,4,3,8
false,7,4,4,1
false,7,4,4,2
false,7,4,4,3
false,7,4,4,4
false,7,4,4,5
false,7,4,4,6
false,7,4,4,7
false,7,4,4,8
false,7,4,5,1
false,7,4,5,2
false,7,4,5,3
false,7,4,5,4
false,7,4,5,5
false,7,4,5,6
false,7,4,5,7
false,7,4,5,8
false,7,4,6,1
false,7,4,6,2
false,7,4,6,3
false,7,4,6,4
false,7,4,6,5
false,7,4,6,6
false,7,4,6,7
false,7,4,6,8
false,7,4,7,1
false,7,4,7,2
false,7,4,7,3
false,7,4,7,4
false,7,4,7,5
false,7,4,7,6
false,7,4,7,7
false,7,4,7,8
false,7,4,8,1
false,7,4,8,2
false,7,4,8,3
false,7,4,8,4
false,7,4,8,5
false,7,4,8,6
false,7,4,8,7
false,7,4,8,8
false,7,5,1,1
false,7,5,1,2
true,7,5,1,3
false,7,5,1,4
false,7,5,1,5
false,7,5,1,6
false,7,5,1,7
false,7,5,1,8
false,7,5,2,1
false,7,5,2,2
false,7,5,2,3
false,7,5,2,4
false,7,5,2,5
false,7,5,2,6
false,7,5,2,7
false,7,5,2,8
true,7,5,3,1
false,7,5,3,2
false,7,5,3,3
false,7,5,3,4
false,7,5,3,5
false,7,5,3,6
false,7,5,3,7
false,7,5,3,8
false,7,5,4,1
false,7,5,4,2
false,7,5,4,3
false,7,5,4,4
false,7,5,4,5
false,7,5,4,6
false,7,5,4,7
false,7,5,4,8
false,7,5,5,1
false,7,5,5,2
false,7,5,5,3
false,7,5,5,4
false,7,5,5,5
false,7,5,5,6
false,7,5,5,7
false,7,5,5,8
false,7,5,6,1
false,7,5,6,2
false,7,5,6,3
false,7,5,6,4
false,7,5,6,5
false,7,5,6,6
false,7,5,6,7
false,7,5,6,8
false,7,5,7,1
false,7,5,7,2
false,7,5,7,3
false,7,5,7,4
false,7,5,7,5
false,7,5,7,6
false,7,5,7,7
false,7,5,7,8
false,7,5,8,1
false,7,5,8,2
false,7,5,8,3
false,7,5,8,4
false,7,5,8,5
false,7,5,8,6
false,7,5,8,7
false,7,5,8,8
false,7,6,1,1
false,7,6,1,2
false,7,6,1,3
false,7,6,1,4
false,7,6,1,5
false,7,6,1,6
false,7,6,1,7
false,7,6,1,8
false,7,6,2,1
false,7,6,2,2
false,7,6,2,3
false,7,6,2,4
false,7,6,2,5
false,7,6,2,6
false,7,6,2,7
false,7,6,2,8
false,7,6,3,1
false,7,6,3,2
false,7,6,3,3
false,7,6,3,4
false,7,6,3,5
false,7,6,3,6
false,7,6,3,7
false,7,6,3,8
false,7,6,4,1
false,7,6,4,2
false,7,6,4,3
false,7,6,4,4
false,7,6,4,5
false,7,6,4,6
false,7,6,4,7
false,7,6,4,8
false,7,6,5,1
false,7,6,5,2
false,7,6,5,3
false,7,6,5,4
false,7,6,5,5
false,7,6,5,6
false,7,6,5,7
false,7,6,5,8
false,7,6,6,1
false,7,6,6,2
false,7,6,6,3
false,7,6,6,4
false,7,6,6,5
false,7,6,6,6
false,7,6,6,7
false,7,6,6,8
false,7,6,7,1
false,7,6,7,2
false,7,6,7,3
false,7,6,7,4
false,7,6,7,5
false,7,6,7,6
false,7,6,7,7
false,7,6,7,8
false,7,6,8,1
false,7,6,8,2
false,7,6,8,3
false,7,6,8,4
false,7,6,8,5
false,7,6,8,6
false,7,6,8,7
false,7,6,8,8
false,7,7,1,1
false,7,7,1,2
false,7,7,1,3
false,7,7,1,4
false,7,7,1,5
false,7,7,1,6
false,7,7,1,7
false,7,7,1,8
false,7,7,2,1
false,7,7,2,2
false,7,7,2,3
false,7,7,2,4
false,7,7,2,5
false,7,7,2,6
false,7,7,2,7
false,7,7,2,8
false,7,7,3,1
false,7,7,3,2
false,7,7,3,3
false,7,7,3,4
false,7,7,3,5
false,7,7,3,6
false,7,7,3,7
false,7,7,3,8
false,7,7,4,1
false,7,7,4,2
false,7,7,4,3
false,7,7,4,4
false,7,7,4,5
false,7,7,4,6
false,7,7,4,7
false,7,7,4,8
false,7,7,5,1
false,7,7,5,2
false,7,7,5,3
false,7,7,5,4
false,7,7,5,5
false,7,7,5,6
false,7,7,5,7
false,7,7,5,8
false,7,7,6,1
false,7,7,6,2
false,7,7,6,3
false,7,7,6,4
false,7,7,6,5
false,7,7,6,6
false,7,7,6,7
false,7,7,6,8
false,7,7,7,1
false,7,7,7,2
false,7,7,7,3
false,7,7,7,4
false,7,7,7,5
false,7,7,7,6
false,7,7,7,7
false,7,7,7,8
false,7,7,8,1
false,7,7,8,2
false,7,7,8,3
false,7,7,8,4
false,7,7,8,5
false,7,7,8,6
false,7,7,8,7
false,7,7,8,8
false,7,8,1,1
false,7,8,1,2
false,7,8,1,3
false,7,8,1,4
false,7,8,1,5
false,7,8,1,6
false,7,8,1,7
false,7,8,1,8
false,7,8,2,1
false,7,8,2,2
false,7,8,2,3
false,7,8,2,4
false,7,8,2,5
false,7,8,2,6
false,7,8,2,7
false,7,8,2,8
false,7,8,3,1
false,7,8,3,2
false,7,8,3,3
false,7,8,3,4
false,7,8,3,5
false,7,8,3,6
false,7,8,3,7
false,7,8,3,8
false,7,8,4,1
false,7,8,4,2
false,7,8,4,3
false,7,8,4,4
false,7,8,4,5
false,7,8,4,6
false,7,8,4,7
false,7,8,4,8
false,7,8,5,1
false,7,8,5,2
false,7,8,5,3
false,7,8,5,4
false,7,8,5,5
false,7,8,5,6
false,7,8,5,7
false,7,8,5,8
false,7,8,6,1
false,7,8,6,2
false,7,8,6,3
false,7,8,6,4
false,7,8,6,5
false,7,8,6,6
false,7,8,6,7
false,7,8,6,8
false,7,8,7,1
false,7,8,7,2
false,7,8,7,3
false,7,8,7,4
false,7,8,7,5
false,7,8,7,6
false,7,8,7,7
false,7,8,7,8
false,7,8,8,1
false,7,8,8,2
false,7,8,8,3
false,7,8,8,4
false,7,8,8,5
false,7,8,8,6
false,7,8,8,7
false,7,8,8,8
false,8,1,1,1
false,8,1,1,2
false,8,1,1,3
false,8,1,1,4
false,8,1,1,5
false,8,1,1,6
false,8,1,1,7
false,8,1,1,8
false,8,1,2,1
false,8,1,2,2
false,8,1,2,3
false,8,1,2,4
false,8,1,2,5
false,8,1,2,6
false,8,1,2,7
false,8,1,2,8
false,8,1,3,1
false,8,1,3,2
false,8,1,3,3
false,8,1,3,4
true,8,1,3,5
true,8,1,3,6
false,8,1,3,7
false,8,1,3,8
false,8,1,4,1
false,8,1,4,2
false,8,1,4,3
false,8,1,4,4
false,8,1,4,5
true,8,1,4,6
false,8,1,4,7
false,8,1,4,8
false,8,1,5,1
false,8,1,5,2
true,8,1,5,3
false,8,1,5,4
false,8,1,5,5
false,8,1,5,6
false,8,1,5,7
false,8,1,5,8
false,8,1,6,1
false,8,1,6,2
true,8,1,6,3
true,8,1,6,4
false,8,1,6,5
false,8,1,6,6
false,8,1,6,7
false,8,1,6,8
false,8,1,7,1
false,8,1,7,2
false,8,1,7,3
false,8,1,7,4
false,8,1,7,5
false,8,1,7,6
false,8,1,7,7
false,8,1,7,8
false,8,1,8,1
false,8,1,8,2
false,8,1,8,3
false,8,1,8,4
false,8,1,8,5
false,8,1,8,6
false,8,1,8,7
false,8,1,8,8
false,8,2,1,1
false,8,2,1,2
false,8,2,1,3
false,8,2,1,4
false,8,2,1,5
false,8,2,1,6
false,8,2,1,7
false,8,2,1,8
false,8,2,2,1
false,8,2,2,2
false,8,2,2,3
false,8,2,2,4
false,8,2,2,5
false,8,2,2,6
false,8,2,2,7
false,8,2,2,8
false,8,2,3,1
false,8,2,3,2
false,8,2,3,3
false,8,2,3,4
false,8,2,3,5
false,8,2,3,6
false,8,2,3,7
false,8,2,3,8
false,8,2,4,1
false,8,2,4,2
false,8,2,4,3
false,8,2,4,4
false,8,2,4,5
true,8,2,4,6
false,8,2,4,7
false,8,2,4,8
false,8,2,5,1
false,8,2,5,2
false,8,2,5,3
false,8,2,5,4
false,8,2,5,5
false,8,2,5,6
false,8,2,5,7
false,8,2,5,8
false,8,2,6,1
false,8,2,6,2
false,8,2,6,3
true,8,2,6,4
false,8,2,6,5
false,8,2,6,6
false,8,2,6,7
false,8,2,6,8
false,8,2,7,1
false,8,2,7,2
false,8,2,7,3
false,8,2,7,4
false,8,2,7,5
false,8,2,7,6
false,8,2,7,7
false,8,2,7,8
false,8,2,8,1
false,8,2,8,2
false,8,2,8,3
false,8,2,8,4
false,8,2,8,5
false,8,2,8,6
false,8,2,8,7
false,8,2,8,8
false,8,3,1,1
false,8,3,1,2
false,8,3,1,3
false,8,3,1,4
true,8,3,1,5
true,8,3,1,6
false,8,3,1,7
false,8,3,1,8
false,8,3,2,1
false,8,3,2,2
false,8,3,2,3
false,8,3,2,4
false,8,3,2,5
false,8,3,2,6
false,8,3,2,7
false,8,3,2,8
false,8,3,3,1
false,8,3,3,2
false,8,3,3,3
false,8,3,3,4
false,8,3,3,5
false,8,3,3,6
false,8,3,3,7
false,8,3,3,8
false,8,3,4,1
false,8,3,4,2
false,8,3,4,3
false,8,3,4,4
false,8,3,4,5
false,8,3,4,6
false,8,3,4,7
false,8,3,4,8
true,8,3,5,1
false,8,3,5,2
false,8,3,5,3
false,8,3,5,4
false,8,3,5,5
false,8,3,5,6
false,8,3,5,7
false,8,3,5,8
true,8,3,6,1
false,8,3,6,2
false,8,3,6,3
false,8,3,6,4
false,8,3,6,5
false,8,3,6,6
false,8,3,6,7
false,8,3,6,8
false,8,3,7,1
false,8,3,7,2
false,8,3,7,3
false,8,3,7,4
false,8,3,7,5
false,8,3,7,6
false,8,3,7,7
false,8,3,7,8
false,8,3,8,1
false,8,3,8,2
false,8,3,8,3
false,8,3,8,4
false,8,3,8,5
false,8,3,8,6
false,8,3,8,7
false,8,3,8,8
false,8,4,1,1
false,8,4,1,2
false,8,4,1,3
false,8,4,1,4
false,8,4,1,5
true,8,4,1,6
false,8,4,1,7
false,8,4,1,8
false,8,4,2,1
false,8,4,2,2
false,8,4,2,3
false,8,4,2,4
false,8,4,2,5
true,8,4,2,6
false,8,4,2,7
false,8,4,2,8
false,8,4,3,1
false,8,4,3,2
false,8,4,3,3
false,8,4,3,4
false,8,4,3,5
false,8,4,3,6
false,8,4,3,7
false,8,4,3,8
false,8,4,4,1
false,8,4,4,2
false,8,4,4,3
false,8,4,4,4
false,8,4,4,5
false,8,4,4,6
false,8,4,4,7
false,8,4,4,8
false,8,4,5,1
false,8,4,5,2
false,8,4,5,3
false,8,4,5,4
false,8,4,5,5
false,8,4,5,6
false,8,4,5,7
false,8,4,5,8
true,8,4,6,1
true,8,4,6,2
false,8,4,6,3
false,8,4,6,4
false,8,4,6,5
false,8,4,6,6
false,8,4,6,7
false,8,4,6,8
false,8,4,7,1
false,8,4,7,2
false,8,4,7,3
false,8,4,7,4
false,8,4,7,5
false,8,4,7,6
false,8,4,7,7
false,8,4,7,8
false,8,4,8,1
false,8,4,8,2
false,8,4,8,3
false,8,4,8,4
false,8,4,8,5
false,8,4,8,6
false,8,4,8,7
false,8,4,8,8
false,8,5,1,1
false,8,5,1,2
true,8,5,1,3
false,8,5,1,4
false,8,5,1,5
false,8,5,1,6
false,8,5,1,7
false,8,5,1,8
false,8,5,2,1
false,8,5,2,2
false,8,5,2,3
false,8,5,2,4
false,8,5,2,5
false,8,5,2,6
false,8,5,2,7
false,8,5,2,8
true,8,5,3,1
false,8,5,3,2
false,8,5,3,3
false,8,5,3,4
false,8,5,3,5
false,8,5,3,6
false,8,5,3,7
false,8,5,3,8
false,8,5,4,1
false,8,5,4,2
false,8,5,4,3
false,8,5,4,4
false,8,5,4,5
false,8,5,4,6
false,8,5,4,7
false,8,5,4,8
false,8,5,5,1
false,8,5,5,2
false,8,5,5,3
false,8,5,5,4
false,8,5,5,5
false,8,5,5,6
false,8,5,5,7
false,8,5,5,8
false,8,5,6,1
false,8,5,6,2
false,8,5,6,3
false,8,5,6,4
false,8,5,6,5
false,8,5,6,6
false,8,5,6,7
false,8,5,6,8
false,8,5,7,1
false,8,5,7,2
false,8,5,7,3
false,8,5,7,4
false,8,5,7,5
false,8,5,7,6
false,8,5,7,7
false,8,5,7,8
false,8,5,8,1
false,8,5,8,2
false,8,5,8,3
false,8,5,8,4
false,8,5,8,5
false,8,5,8,6
false,8,5,8,7
false,8,5,8,8
false,8,6,1,1
false,8,6,1,2
true,8,6,1,3
true,8,6,1,4
false,8,6,1,5
false,8,6,1,6
false,8,6,1,7
false,8,6,1,8
false,8,6,2,1
false,8,6,2,2
false,8,6,2,3
true,8,6,2,4
false,8,6,2,5
false,8,6,2,6
false,8,6,2,7
false,8,6,2,8
true,8,6,3,1
false,8,6,3,2
false,8,6,3,3
false,8,6,3,4
false,8,6,3,5
false,8,6,3,6
false,8,6,3,7
false,8,6,3,8
true,8,6,4,1
true,8,6,4,2
false,8,6,4,3
false,8,6,4,4
false,8,6,4,5
false,8,6,4,6
false,8,6,4,7
false,8,6,4,8
false,8,6,5,1
false,8,6,5,2
false,8,6,5,3
false,8,6,5,4
false,8,6,5,5
false,8,6,5,6
false,8,6,5,7
false,8,6,5,8
false,8,6,6,1
false,8,6,6,2
false,8,6,6,3
false,8,6,6,4
false,8,6,6,5
false,8,6,6,6
false,8,6,6,7
false,8,6,6,8
false,8,6,7,1
false,8,6,7,2
false,8,6,7,3
false,8,6,7,4
false,8,6,7,5
false,8,6,7,6
false,8,6,7,7
false,8,6,7,8
false,8,6,8,1
false,8,6,8,2
false,8,6,8,3
false,8,6,8,4
false,8,6,8,5
false,8,6,8,6
false,8,6,8,7
false,8,6,8,8
false,8,7,1,1
false,8,7,1,2
false,8,7,1,3
false,8,7,1,4
false,8,7,1,5
false,8,7,1,6
false,8,7,1,7
false,8,7,1,8
false,8,7,2,1
false,8,7,2,2
false,8,7,2,3
false,8,7,2,4
false,8,7,2,5
false,8,7,2,6
false,8,7,2,7
false,8,7,2,8
false,8,7,3,1
false,8,7,3,2
false,8,7,3,3
false,8,7,3,4
false,8,7,3,5
false,8,7,3,6
false,8,7,3,7
false,8,7,3,8
false,8,7,4,1
false,8,7,4,2
false,8,7,4,3
false,8,7,4,4
false,8,7,4,5
false,8,7,4,6
false,8,7,4,7
false,8,7,4,8
false,8,7,5,1
false,8,7,5,2
false,8,7,5,3
false,8,7,5,4
false,8,7,5,5
false,8,7,5,6
false,8,7,5,7
false,8,7,5,8
false,8,7,6,1
false,8,7,6,2
false,8,7,6,3
false,8,7,6,4
false,8,7,6,5
false,8,7,6,6
false,8,7,6,7
false,8,7,6,8
false,8,7,7,1
false,8,7,7,2
false,8,7,7,3
false,8,7,7,4
false,8,7,7,5
false,8,7,7,6
false,8,7,7,7
false,8,7,7,8
false,8,7,8,1
false,8,7,8,2
false,8,7,8,3
false,8,7,8,4
false,8,7,8,5
false,8,7,8,6
false,8,7,8,7
false,8,7,8,8
false,8,8,1,1
false,8,8,1,2
false,8,8,1,3
false,8,8,1,4
false,8,8,1,5
false,8,8,1,6
false,8,8,1,7
false,8,8,1,8
false,8,8,2,1
false,8,8,2,2
false,8,8,2,3
false,8,8,2,4
false,8,8,2,5
false,8,8,2,6
false,8,8,2,7
false,8,8,2,8
false,8,8,3,1
false,8,8,3,2
false,8,8,3,3
false,8,8,3,4
false,8,8,3,5
false,8,8,3,6
false,8,8,3,7
false,8,8,3,8
false,8,8,4,1
false,8,8,4,2
false,8,8,4,3
false,8,8,4,4
false,8,8,4,5
false,8,8,4,6
false,8,8,4,7
false,8,8,4,8
false,8,8,5,1
false,8,8,5,2
false,8,8,5,3
false,8,8,5,4
false,8,8,5,5
false,8,8,5,6
false,8,8,5,7
false,8,8,5,8
false,8,8,6,1
false,8,8,6,2
false,8,8,6,3
false,8,8,6,4
false,8,8,6,5
false,8,8,6,6
false,8,8,6,7
false,8,8,6,8
false,8,8,7,1
false,8,8,7,2
false,8,8,7,3
false,8,8,7,4
false,8,8,7,5
false,8,8,7,6
false,8,8,7,7
false,8,8,7,8
false,8,8,8,1
false,8,8,8,2
false,8,8,8,3
false,8,8,8,4
false,8,8,8,5
false,8,8,8,6
false,8,8,8,7
false,8,8,8,8
